<application>
  <component name="CodeInsightSettings">
    <option name="SHOW_PARAMETER_NAME_HINTS_ON_COMPLETION" value="true" />
    <option name="SHOW_FULL_SIGNATURES_IN_PARAMETER_INFO" value="true" />
    <option name="HIGHLIGHT_SCOPE" value="true" />
  </component>
  <component name="CodeVisionSettings">
    <option name="codeVisionGroupToPosition">
      <map>
        <entry key="inheritors" value="Default" />
        <entry key="problems" value="Default" />
        <entry key="references" value="Default" />
        <entry key="rename" value="Default" />
        <entry key="vcs.code.vision" value="Default" />
      </map>
    </option>
    <option name="defaultPosition" value="Right" />
  </component>
  <component name="DaemonCodeAnalyzerSettings">
    <option name="AUTOREPARSE_DELAY" value="0" />
    <option name="SHOW_METHOD_SEPARATORS" value="true" />
  </component>
  <component name="DeclarativeInlayHintsSettings">
    <option name="enabledOptions">
      <map>
        <entry key="kotlin.lambdas.hints#hints.lambda.receivers.parameters" value="false" />
        <entry key="kotlin.lambdas.hints#hints.lambda.return" value="false" />
        <entry key="kotlin.references.types.hints#hints.type.function.parameter" value="false" />
        <entry key="kotlin.references.types.hints#hints.type.function.return" value="false" />
        <entry key="kotlin.references.types.hints#hints.type.property" value="false" />
        <entry key="kotlin.references.types.hints#hints.type.variable" value="false" />
        <entry key="oc.type.hints#lambdas" value="true" />
        <entry key="oc.type.hints#obvious.types" value="false" />
        <entry key="oc.type.hints#parameter.types" value="true" />
        <entry key="oc.type.hints#return.types" value="true" />
        <entry key="oc.type.hints#variables" value="true" />
      </map>
    </option>
    <option name="providerIdToEnabled">
      <map>
        <entry key="compose.state.read" value="true" />
        <entry key="devkit.threading" value="false" />
        <entry key="groovy.implicit.null.argument" value="true" />
        <entry key="groovy.local.variable.implicit.types" value="true" />
        <entry key="java.implicit.types" value="false" />
        <entry key="java.method.chains" value="true" />
        <entry key="kotlin.lambdas.hints" value="false" />
        <entry key="kotlin.method.chains" value="false" />
        <entry key="kotlin.references.types.hints" value="false" />
        <entry key="kotlin.values.hints" value="true" />
        <entry key="oc.type.hints" value="true" />
      </map>
    </option>
  </component>
  <component name="EditorSettings">
    <option name="languageBreadcrumbsMap">
      <map>
        <entry key="kotlin" value="true" />
      </map>
    </option>
    <option name="IS_WHEEL_FONTCHANGE_ENABLED" value="true" />
    <option name="IS_WHEEL_FONTCHANGE_PERSISTENT" value="true" />
  </component>
  <component name="InlayHintsSettings">
    <option name="lastViewedProviderKeyId" value="" />
  </component>
</application>